{"cameraMode":{"drawMode":0,"name":"Shaded","section":"Shading Mode"},"sceneLighting":true,"audioPlay":false,"sceneViewState":{"showFog":true,"showMaterialUpdate":false,"showSkybox":false,"showFlares":true,"showImageEffects":true,"showParticleSystems":true},"in2DMode":false,"pivot":{"x":-0.12599992752075196,"y":1.4099998474121094,"z":0.4099998474121094},"rotation":{"x":-0.1745433807373047,"y":0.8230351209640503,"z":-0.4153841733932495,"w":-0.34583795070648196},"size":40.010372161865237,"orthographic":false}