{"cameraMode":{"drawMode":0,"name":"Shaded","section":"Shading Mode"},"sceneLighting":true,"audioPlay":false,"sceneViewState":{"showFog":true,"showMaterialUpdate":false,"showSkybox":false,"showFlares":true,"showImageEffects":true,"showParticleSystems":true},"in2DMode":false,"pivot":{"x":-0.06300020217895508,"y":0.7049999237060547,"z":0.1230001449584961},"rotation":{"x":-0.0717514380812645,"y":-0.0717514380812645,"z":-0.005175044294446707,"w":0.9948249459266663},"size":40.010372161865237,"orthographic":true}