{"cameraMode":{"drawMode":0,"name":"Shaded","section":"Shading Mode"},"sceneLighting":true,"audioPlay":false,"sceneViewState":{"showFog":true,"showMaterialUpdate":false,"showSkybox":false,"showFlares":true,"showImageEffects":true,"showParticleSystems":true},"in2DMode":false,"pivot":{"x":-0.0840001106262207,"y":0.940000057220459,"z":0.1640000343322754},"rotation":{"x":-0.01139594241976738,"y":0.022496435791254045,"z":-0.00025662692496553063,"w":-0.9996820092201233},"size":41.172794342041019,"orthographic":false}