{"cameraMode":{"drawMode":0,"name":"Shaded","section":"Shading Mode"},"sceneLighting":true,"audioPlay":false,"sceneViewState":{"showFog":true,"showMaterialUpdate":false,"showSkybox":true,"showFlares":true,"showImageEffects":true,"showParticleSystems":true},"in2DMode":false,"pivot":{"x":34.579345703125,"y":6.1732177734375,"z":47.791259765625},"rotation":{"x":-0.16861847043037415,"y":0.3082534074783325,"z":-0.05561511963605881,"w":-0.9345879554748535},"size":21.10064125061035,"orthographic":true}