{"cameraMode":{"drawMode":0,"name":"Shaded","section":"Shading Mode"},"sceneLighting":false,"audioPlay":false,"sceneViewState":{"showFog":true,"showMaterialUpdate":false,"showSkybox":false,"showFlares":true,"showImageEffects":true,"showParticleSystems":true},"in2DMode":false,"pivot":{"x":39.99998474121094,"y":0.6950000524520874,"z":49.05099868774414},"rotation":{"x":-0.05936307832598686,"y":0.005989342927932739,"z":-0.0003563599311746657,"w":-0.9982184767723084},"size":3.4852781295776369,"orthographic":false}